--*****************************************************
--UIT2302                               B.Senthil Kumar
--Database Technology Lab	   	     Asst. Prof
--	    		Dept. of Information Technology
--            		     SSN College of Engineering 
--	                   	     senthil@ssn.edu.in
--*****************************************************
-- 	          PIZZA ORDERING DATASET
--                    Version 1.1
--                November 14, 2022
--*****************************************************
--Source:
--         This dataset is prepared for the assignment
--	on DML, PL/SQL blocks in Database Programming.
--	This is a test dataset - pizza ordered on 28 to 30th Jun 2015.
--	Do NOT MODIFY the instances.
--
--******************************************************

REM customer(cust_id, cust_name, address, phone)
REM pizza (pizza_id, pizza_type, unit_price)
REM orders(order_no, cust_id, order_date ,delv_date, total_amt)
REM order_list(order_no, pizza_id, qty)


REM ------------------------------------------------------------------------------------------

REM customer(cust_id, cust_name,address,phone)

insert into customer values('c001','Hari','32 RING ROAD,ALWARPET',9001200031);
insert into customer values('c002','Prasanth','42 bull ROAD,numgambakkam',9444120003);
insert into customer values('c003','Neethu','12a RING ROAD,ALWARPET',9840112003);
insert into customer values('c004','Jim','P.H ROAD,Annanagar',9845712993);
insert into customer values('c005','Sindhu','100 feet ROAD,vadapalani',9840166677);
insert into customer values('c006','Brinda','GST ROAD, TAMBARAM', 9876543210);
insert into customer values('c007','Ramkumar','2nd cross street, Perambur',8566944453);

REM ------------------------------------------------------------------------------------------

REM pizza (pizza_id, pizza_type, unit_price)

insert into pizza values('p001','pan',130);
insert into pizza values('p002','grilled',230);
insert into pizza values('p003','italian',200);
insert into pizza values('p004','spanish',260);
insert into pizza values('p005','supremo',250);

REM ------------------------------------------------------------------------------------------

REM orders(order_no, cust_id, order_date ,delv_date)

insert into orders values('OP100','c001','28-JUN-2015','28-JUN-2015');
insert into orders values('OP200','c002','28-JUN-2015','29-JUN-2015');
insert into orders values('OP300','c003','29-JUN-2015','29-JUN-2015');
insert into orders values('OP400','c004','29-JUN-2015','29-JUN-2015');
insert into orders values('OP500','c001','29-JUN-2015','30-JUN-2015');
insert into orders values('OP600','c002','29-JUN-2015','29-JUN-2015');
insert into orders values('OP700','c005','30-JUN-2015','30-JUN-2015');
insert into orders values('OP800','c006','30-JUN-2015','30-JUN-2015');

REM ------------------------------------------------------------------------------------------

REM order_list(order_no, pizza_id, qty)

insert into order_list values('OP100','p001',3);
insert into order_list values('OP100','p002',2);
insert into order_list values('OP100','p003',2);
insert into order_list values('OP100','p004',5);
insert into order_list values('OP100','p005',4);

insert into order_list values('OP200','p003',2);
insert into order_list values('OP200','p001',6);
insert into order_list values('OP200','p004',8);

insert into order_list values('OP300','p003',3);

insert into order_list values('OP400','p001',3);
insert into order_list values('OP400','p004',1);

insert into order_list values('OP500','p003',6);
insert into order_list values('OP500','p004',5);
insert into order_list values('OP500','p001',null);

insert into order_list values('OP600','p002',3);
insert into order_list values('OP600','p005',2);

--***********************[[[EOF]]]*******************************
